date,species,lat,long
2018/12/24,Ophiophagus hannah,13.6617633,120.8738643
2016/07/14,Ophiophagus hannah,13.4785721,120.820063
2009/06/09,Ophiophagus hannah,15.6853566,121.326654
2009/10/08,Ophiophagus hannah,13.6264036,124.3234025
2009/04/12,Ophiophagus hannah,6.9796446,122.0505845
2016/07/14,Ophiophagus hannah,13.4785721,120.820063
2018/12/24,Ophiophagus hannah,13.6617633,120.8738643
2024/07/17,Ophiophagus hannah,9.6531307,124.0210434
2024/09/25,Ophiophagus hannah,7.1199103,122.1791808
2022/07/30,Naja samarensis,7.6734241,125.9875861
2019/11/30,Naja samarensis,8.9134776,125.5461041
2022/01/20,Naja samarensis,11.7765231,124.3485946
2022/05/02,Naja samarensis,7.3826395,125.808718
2022/05/02,Naja samarensis,7.3784662,125.8081598
2021/12/22,Naja samarensis,8.9134776,125.5461041
2023/02/02,Naja samarensis,8.9463749,125.5350316
2024/04/26,Naja samarensis,7.2670902,125.6650099
2015/10/03,Naja samarensis,7.0738387,125.5862001
2023/05/01,Naja samarensis,9.8708163,124.4291161
2009/02/01,Naja samarensis,9.818056,124.155
2022/05/02,Naja samarensis,7.3826395,125.808718
2020/06/05,Naja samarensis,8.3957656,124.2863115
2019/04/10,Naja samarensis,8.2928722,124.9876531
2022/05/02,Naja samarensis,7.3493823,125.7927303
2022/04/01,Naja samarensis,7.0394755,122.0294403
2024/05/06,Naja samarensis,9.8196011,124.495277
2024/06/25,Naja samarensis,9.9740201,124.5660882
2020/11/24,Naja samarensis,7.1700574,125.3731981
2022/05/02,Naja samarensis,7.3826395,125.808718
2022/05/02,Naja samarensis,7.3826395,125.808718
2023/11/19,Naja samarensis,7.1485828,124.2795867
2024/07/28,Naja samarensis,8.5319779,126.0676889
2022/04/30,Naja samarensis,7.3784662,125.8081598
2024/04/28,Naja samarensis,7.3493823,125.7927303
2007/10/13,Naja samarensis,11.8294309,125.2764957
2009/10/15,Naja samarensis,7.1429194,125.477996
2023/02/25,Naja samarensis,6.6735002,124.2847815
2015/10/03,Naja samarensis,7.0738387,125.5862001
2016/08/07,Naja samarensis,7.050422,125.5407837
2009/02/01,Naja samarensis,9.818056,124.155
2019/04/10,Naja samarensis,8.2928722,124.9876531
2019/11/30,Naja samarensis,8.9134776,125.5461041
2020/04/04,Naja samarensis,7.466205,125.8177109
2020/06/05,Naja samarensis,8.3957656,124.2863115
2020/11/24,Naja samarensis,7.1700574,125.3731981
2021/05/09,Naja samarensis,7.183755,125.5390384
2021/12/13,Naja samarensis,8.4869499,124.6277261
2021/12/22,Naja samarensis,8.9134776,125.5461041
2021/12/17,Naja samarensis,9.8467264,124.2277223
2022/01/20,Naja samarensis,11.7765231,124.3485946
2022/04/01,Naja samarensis,7.0394755,122.0294403
2022/04/29,Naja samarensis,7.4243343,125.8267362
2022/05/02,Naja samarensis,7.3826395,125.808718
2022/05/02,Naja samarensis,7.3826395,125.808718
2022/05/02,Naja samarensis,7.3826395,125.808718
2022/05/02,Naja samarensis,7.3826395,125.808718
2022/05/02,Naja samarensis,7.3493823,125.7927303
2022/05/02,Naja samarensis,7.3784662,125.8081598
2022/04/30,Naja samarensis,7.3784662,125.8081598
2022/07/30,Naja samarensis,7.6734241,125.9875861
2023/02/02,Naja samarensis,8.9463749,125.5350316
2023/02/25,Naja samarensis,6.6735002,124.2847815
2022/04/01,Naja samarensis,7.0394755,122.0294403
2023/05/01,Naja samarensis,9.8708163,124.4291161
2023/11/19,Naja samarensis,7.1485828,124.2795867
2024/04/28,Naja samarensis,7.4470784,125.8094853
2024/04/28,Naja samarensis,7.3493823,125.7927303
2024/04/28,Naja samarensis,7.4470784,125.8094853
2024/04/28,Naja samarensis,7.4470784,125.8094853
2024/04/28,Naja samarensis,7.4826759,125.8372408
2024/04/28,Naja samarensis,7.4487349,125.8124724
2024/04/28,Naja samarensis,7.45522,125.8089039
2024/04/26,Naja samarensis,7.2670902,125.6650099
2024/05/06,Naja samarensis,9.8196011,124.495277
2024/06/25,Naja samarensis,9.9740201,124.5660882
2024/06/09,Naja samarensis,6.7058672,126.0957527
2024/07/28,Naja samarensis,8.5319779,126.0676889
2024/08/01,Naja samarensis,7.4538943,125.8172455
2024/07/22,Naja samarensis,9.7492646,124.5686466
2024/09/21,Naja samarensis,7.1485828,124.2795867
2024/07/28,Naja samarensis,9.7367582321167,123.8507308959961
2024/04/01,Naja philippinensis,13.4799679,123.3434495
2013/06/02,Naja philippinensis,16.4706719,120.7771437
2020/09/24,Naja philippinensis,13.4992813,120.9682709
2023/01/12,Naja philippinensis,13.7238873,123.1665243
2015/07/05,Naja philippinensis,16.5331234,121.0277675
2017/08/27,Naja philippinensis,14.3863813,120.9017738
2024/03/29,Naja philippinensis,12.603639,124.1055269
2024/07/27,Naja philippinensis,16.5629704,121.1296962
2023/06/30,Naja philippinensis,14.1507795,120.956479
2013/07/22,Naja philippinensis,12.8283538,120.9071025
2013/06/02,Naja philippinensis,16.4706719,120.7771437
2015/07/05,Naja philippinensis,16.5331234,121.0277675
2017/08/27,Naja philippinensis,14.3863813,120.9017738
2020/09/24,Naja philippinensis,13.4992813,120.9682709
2022/08/06,Naja philippinensis,17.013775,120.4558584
2023/01/12,Naja philippinensis,13.7238873,123.1665243
2023/06/30,Naja philippinensis,14.1507795,120.956479
2024/03/29,Naja philippinensis,12.603639,124.1055269
2024/04/01,Naja philippinensis,13.4799679,123.3434495
2024/05/09,Naja philippinensis,13.7265745,123.2117111
2024/07/27,Naja philippinensis,16.5629704,121.1296962
2025/10/13,Ophiophagus hannah,13.4452664,121.840186
2025/10/13,Naja samarensis,10.6618434,122.3113272
2025/10/14,Naja philippinensis,13.6428216,123.3282338
2025/10/14,Naja philippinensis,15.916667,120.333333
2025/10/14,Naja philippinensis,14.0700502,121.3255974
2025/10/14,Ophiophagus hannah,17.2659982,121.1482339
2025/10/14,Ophiophagus hannah,14.2366649,121.0570798
2025/10/14,Ophiophagus hannah,16.2351501,120.5177289
2025/10/14,Naja philippinensis,14.4355997,120.4903355
2025/10/14,Ophiophagus hannah,10.484,123.4203
2025/10/14,Naja philippinensis,15.916667,120.333333
2025/10/14,Ophiophagus hannah,16.3914127,119.8942613
2025/10/14,Ophiophagus hannah,16.4908636,120.8298308
2025/10/15,Ophiophagus hannah,14.2015402,121.0370618
2025/10/15,Naja philippinensis,17.0425835,120.5804799
2025/10/15,Ophiophagus hannah,9.833333,124.1615579
2025/10/15,Naja philippinensis,13.2570425,123.5001669
2025/10/15,Naja philippinensis,16.0445993,120.6912142
2025/10/15,Ophiophagus hannah,17.8657434,120.4571865
2025/10/15,Ophiophagus hannah,8.7179134,125.7511102
2025/10/15,Naja samarensis,9.455,125.57306
2025/10/15,Naja philippinensis,15.0923632,120.8272514
2025/10/15,Ophiophagus hannah,11.9985507,120.2051611
2025/10/15,Ophiophagus hannah,16.3927028,120.5602008
2025/10/15,Ophiophagus hannah,16.4208399,120.6637916
2025/10/15,Naja samarensis,18.1888705,120.547657
2025/10/15,Ophiophagus hannah,16.410252,120.5634861
2025/10/15,Naja philippinensis,16.3890851,121.1006258
2025/10/14,Ophiophagus hannah,13.4452664,121.840186
2025/10/15,Ophiophagus hannah,9.6506355,123.3244023
2025/10/15,Ophiophagus hannah,16.8377827,121.0054468
2025/10/15,Naja samarensis,6.2855239,124.9333096
2025/10/15,Ophiophagus hannah,16.87,121.22
2025/10/15,Ophiophagus hannah,11.4226108,122.0530503
2025/10/15,Ophiophagus hannah,10.9541711,122.0522609
2025/10/15,Ophiophagus hannah,9.7809304,123.8981433
2025/10/15,Naja samarensis,6.5556705,124.3271496
2025/10/15,Naja philippinensis,15.583333,121.0
2025/10/15,Ophiophagus hannah,10.4299251,123.8479649
2025/10/15,Naja philippinensis,15.6186508,120.7249819
2025/10/15,Ophiophagus hannah,11.1645444,119.3984299
2025/10/15,Ophiophagus hannah,10.9522168,122.5799456
2025/10/15,Naja samarensis,18.1888705,120.547657
2025/10/15,Naja philippinensis,16.4389233,120.7324734
2025/10/15,Naja philippinensis,17.0,122.0
2025/10/15,Naja philippinensis,14.5780161,121.1163072
2025/10/15,Naja philippinensis,18.2508484,120.6128386
2025/10/15,Naja philippinensis,16.3890851,121.1006258
2025/10/15,Naja samarensis,6.9595701,125.0891183
2025/10/15,Naja philippinensis,17.0678152,121.6936012
2025/10/15,Naja samarensis,8.0609053,123.7512585
2025/10/15,Naja philippinensis,13.6981652,123.5181339
2025/10/15,Naja philippinensis,16.5735957,120.4089899
2025/10/15,Naja samarensis,11.0052935,124.6090753
2025/10/15,Naja samarensis,11.7982219,125.1690418
2025/10/15,Naja samarensis,8.4756417,124.6421532
2025/10/15,Naja samarensis,8.9474561,125.5431973
2025/10/15,Naja samarensis,10.7841157,124.892321
2025/10/15,Naja philippinensis,14.4828116,121.2055112
2025/10/15,Naja philippinensis,15.926773,120.3475584
2025/10/15,Naja samarensis,8.4756417,124.6421532
2025/10/15,Naja philippinensis,14.2571746,120.9246782
2025/10/15,Naja philippinensis,14.6436031,120.4657622
2025/10/15,Naja samarensis,6.7985631,124.6345922
2025/10/15,Naja philippinensis,16.35,121.13
2025/10/15,Naja samarensis,9.1141098,125.5517363
2025/10/15,Naja philippinensis,16.283333,121.583333
2025/10/15,Naja philippinensis,14.412637,121.4477847
2025/10/15,Naja philippinensis,14.8312558,121.0842872
2025/10/15,Naja philippinensis,13.2371495,123.7774835
2025/10/15,Naja samarensis,6.6850678,124.9614497
2025/10/15,Naja samarensis,6.2855239,124.9333096
2025/10/15,Naja philippinensis,14.3969995,121.4067025
2025/10/16,Naja philippinensis,13.5385836,123.2851799
2025/10/16,Naja philippinensis,15.583333,121.0
2025/10/16,Naja samarensis,6.5004041,124.8435437
2025/10/16,Ophiophagus hannah,14.0505406,120.9332537
2025/10/16,Ophiophagus hannah,6.6983658,125.3612135
2025/10/16,Naja philippinensis,13.2402789,123.5365227
2025/10/16,Naja samarensis,9.824334,124.1983784
2025/10/16,Ophiophagus hannah,10.7841157,124.892321
2025/10/16,Naja samarensis,12.1490458,124.5375762
2025/10/16,Ophiophagus hannah,16.52,120.69
2025/10/16,Ophiophagus hannah,10.47,123.83
2025/10/16,Naja samarensis,10.7841157,124.892321
2025/10/16,Naja samarensis,7.0801636,125.5437938
2025/10/16,Naja philippinensis,13.9221715,122.0991276
2025/10/16,Naja philippinensis,15.4905045,120.9684264
2025/10/16,Ophiophagus hannah,10.5873302,124.0180859
2025/10/16,Naja philippinensis,17.4994886,121.5956717
2025/10/16,Naja philippinensis,15.916667,120.333333
2025/10/16,Ophiophagus hannah,18.0251369,121.1187221
2025/10/16,Naja philippinensis,14.0369842,120.6528224
2025/10/16,Ophiophagus hannah,10.6744469,122.3761115
2025/10/16,Ophiophagus hannah,16.4977556,120.4872447
2025/10/16,Naja philippinensis,13.7843507,121.3858031
2025/10/16,Ophiophagus hannah,14.1795327,120.8818696
2025/10/16,Naja philippinensis,15.3248528,120.6553857
2025/10/10,Naja samarensis,7.0648306,125.6080623
2025/10/16,Ophiophagus hannah,10.9522168,122.5799456
2025/10/16,Ophiophagus hannah,6.2015121,125.1878084
2025/10/10,Naja samarensis,8.1844569,126.3522969
2025/10/10,Naja samarensis,9.7483656,125.4818383
2025/10/10,Naja philippinensis,17.11,121.16
2025/10/10,Naja philippinensis,15.5403458,120.7634483
2025/10/10,Naja philippinensis,15.583333,121.0
2025/10/11,Ophiophagus hannah,9.833333,124.1615579
2025/10/11,Naja samarensis,7.1902484,125.4524905
2025/10/11,Ophiophagus hannah,16.5935291,121.5024247
2025/10/12,Naja philippinensis,14.2347317,121.3640614
2025/10/13,Naja samarensis,10.7841157,124.892321
2025/10/13,Naja philippinensis,13.4342347,123.5171171
2025/10/13,Naja samarensis,7.27,124.86
2025/10/13,Naja samarensis,14.3857775,120.9289035
2025/10/13,Naja samarensis,7.45,126.07
2025/10/13,Ophiophagus hannah,8.4200174,123.4762768
2025/10/13,Naja samarensis,7.0648306,125.6080623
2025/10/13,Naja philippinensis,14.2453833,121.5070018
2025/10/13,Ophiophagus hannah,10.5959639,122.5877929
2025/10/13,Ophiophagus hannah,10.594837,122.0239893
2025/10/14,Ophiophagus hannah,7.1747651,125.6532934
2025/10/14,Ophiophagus hannah,16.87,121.22
2025/10/14,Ophiophagus hannah,10.4114,119.1779622
2025/10/14,Ophiophagus hannah,10.8167199,122.4317369
2025/10/14,Naja philippinensis,17.4136195,121.4440137
2025/10/14,Naja philippinensis,14.223624,120.9741497
2025/10/14,Naja philippinensis,15.9759995,120.5668992
2025/10/14,Naja samarensis,8.3431526,124.2597747
2025/10/14,Naja philippinensis,15.583333,121.0
2025/10/14,Ophiophagus hannah,10.8003,122.9763
2025/10/12,Naja philippinensis,13.9345167,120.6321285
2025/10/11,Naja philippinensis,15.583333,121.0
2025/10/17,Naja philippinensis,15.7874,120.2921
2025/10/14,Naja philippinensis,15.3360344,120.589583
2025/10/11,Ophiophagus hannah,17.2740459,121.809876
2025/10/19,Ophiophagus hannah,17.1460297,120.6118325
2025/10/19,Naja philippinensis,16.35,121.13
2025/10/18,Naja philippinensis,14.1696476,121.3336526
2025/10/19,Ophiophagus hannah,17.7915986,121.4771204
2025/10/18,Naja philippinensis,11.9267725,123.7712951
2025/10/18,Naja philippinensis,18.166667,120.75
2025/10/18,Naja samarensis,10.1577932,125.5851827
2025/10/18,Naja samarensis,10.9166552,124.6943663
2025/10/18,Naja samarensis,7.45,126.07
2025/10/18,Naja samarensis,7.4470784,125.8094853
2025/10/17,Naja philippinensis,15.0267346,120.6868358
2025/10/17,Ophiophagus hannah,11.0491667,125.0326938
2025/10/17,Ophiophagus hannah,7.9864527,117.0647312
2025/10/18,Naja philippinensis,13.894198417663574,121.28914642333984
2025/10/18,Naja philippinensis,12.2815317,124.3580417
2025/10/18,Ophiophagus hannah,10.47,123.83
2025/10/17,Naja samarensis,8.36,125.71
2025/10/17,Ophiophagus hannah,14.1795327,120.8818696
2025/10/17,Naja philippinensis,13.9676187,121.5625343
2025/10/17,Naja philippinensis,16.3914127,119.8942613
2025/10/17,Naja samarensis,8.2130815,126.3156173
2025/10/17,Naja philippinensis,13.941434,121.1642826
2025/10/17,Naja philippinensis,18.1034564,120.6977344
2025/10/17,Ophiophagus hannah,11.0070916,124.6136114
2025/10/17,Naja philippinensis,14.1696476,121.3336526
2025/10/16,Ophiophagus hannah,14.4646,121.1929
2025/10/16,Ophiophagus hannah,10.7806107,122.3873916
2025/10/16,Naja philippinensis,14.1696476,121.3336526
2025/10/16,Naja philippinensis,12.166667,123.583333
2025/10/17,Naja philippinensis,17.0,122.0
2025/10/16,Ophiophagus hannah,16.7912592,120.6618122
2025/10/16,Naja philippinensis,13.4479146,121.8400274
2025/10/16,Naja philippinensis,17.58,120.8
2025/10/15,Naja philippinensis,17.0,122.0
2025/10/15,Naja philippinensis,17.5965664,120.6179987
2025/10/15,Naja samarensis,6.5004041,124.8435437
2025/10/15,Ophiophagus hannah,7.04778,125.74417
2025/10/15,Naja samarensis,6.2855239,124.9333096
2025/10/15,Naja samarensis,7.8703434,126.3764259
2025/10/14,Naja samarensis,8.5351342,124.8780687
2025/10/14,Naja philippinensis,16.4892415,121.2636975
2025/10/14,Naja philippinensis,16.7789338,121.6992173
2025/10/14,Ophiophagus hannah,7.6897787,125.2365313
2025/10/20,Naja samarensis,7.27,124.86
2025/10/20,Naja samarensis,11.73,125.37
2025/10/20,Naja philippinensis,13.6156964,123.2410857
2025/10/20,Naja samarensis,9.6057125,124.1623535
2025/10/19,Naja philippinensis,14.2171239,121.0407164
2025/10/17,Naja philippinensis,13.216667,123.55
2025/10/16,Naja philippinensis,16.3890851,121.1006258
2025/10/16,Naja philippinensis,15.916667,120.333333
2025/10/20,Naja philippinensis,13.9146826,121.0867566
2025/10/20,Ophiophagus hannah,10.116537,123.5093986
2025/10/20,Naja philippinensis,10.47,123.83
2025/10/20,Naja philippinensis,18.166667,120.75
2025/10/20,Naja samarensis,8.36,125.71
2025/10/20,Ophiophagus hannah,10.37444,124.74972
2025/10/20,Ophiophagus hannah,17.7915986,121.4771204
2025/10/20,Naja philippinensis,14.6795669,120.5409693
2025/10/20,Naja philippinensis,15.0720204,120.9495655
2025/10/21,Ophiophagus hannah,14.2667416,121.1200223
2025/10/21,Naja philippinensis,15.9385232,120.5819024
2025/10/21,Naja samarensis,12.1490458,124.5375762
2025/10/22,Naja samarensis,8.1215661,122.6737425
2025/10/22,Naja samarensis,8.95,125.53333
2025/10/22,Naja samarensis,7.028830733839255,125.51148287499988
2025/10/22,Naja samarensis,6.1122217,125.1721893
2025/10/22,Naja samarensis,7.0648306,125.6080623
2025/10/22,Naja samarensis,14.3861207,120.8802855
2025/10/22,Naja philippinensis,14.5209318,121.0537739
2025/10/22,Ophiophagus hannah,8.4756417,124.6421532
2025/10/26,Naja samarensis,8.141602516174316,123.36844635009766
2025/10/26,Naja philippinensis,15.23,120.12
2025/10/26,Naja philippinensis,16.0765009,120.9407378
2025/10/26,Ophiophagus hannah,10.7285353,123.8254215
2025/10/26,Naja samarensis,12.42,124.81
2025/10/26,Naja philippinensis,14.0468587,120.6984273
2025/10/26,Naja philippinensis,17.2,120.5
2025/10/26,Naja philippinensis,14.9706036,121.0647854
2025/10/25,Naja samarensis,11.2436208,125.0079543
2025/10/25,Naja philippinensis,17.2,120.5
2025/10/25,Naja philippinensis,13.6428216,123.3282338
2025/10/25,Naja samarensis,18.1888705,120.547657
2025/10/25,Naja philippinensis,13.076449,123.5162387
2025/10/25,Naja philippinensis,17.1486341,121.8886466
2025/10/25,Naja philippinensis,13.293769,123.4843893
2025/10/25,Ophiophagus hannah,9.4554207,125.5755314
2025/10/25,Naja samarensis,18.1888705,120.547657
2025/10/25,Ophiophagus hannah,16.4203715,120.5898685
2025/10/24,Naja samarensis,15.5386413,119.9496856
2025/10/23,Naja philippinensis,15.583333,121.0
2025/10/23,Naja samarensis,9.0237073,125.5185124
2025/10/23,Naja philippinensis,15.4937252,120.4964091
2025/10/23,Ophiophagus hannah,16.3279235,120.6517911
2025/10/23,Naja philippinensis,15.0519635,120.6445398
2025/10/26,Ophiophagus hannah,16.52,120.69
2025/10/25,Naja samarensis,8.0650994,122.5249426
2025/10/25,Ophiophagus hannah,10.47,123.83
2025/10/27,Naja philippinensis,15.0781219,120.9398068
2025/10/27,Naja philippinensis,15.0946937,120.7659889
2025/10/27,Ophiophagus hannah,13.5385836,123.2851799
2025/10/27,Naja samarensis,9.833333,124.1615579
2025/10/28,Naja samarensis,7.0648306,125.6080623
2025/10/28,Naja philippinensis,15.6069315,120.5985733
2025/10/28,Naja samarensis,10.1359429,124.3795975
2025/10/28,Naja samarensis,8.0,122.666667
2025/10/28,Naja philippinensis,14.5871972,121.1759246
2025/10/28,Naja philippinensis,16.5066966,121.7474086
2025/10/28,Naja philippinensis,12.8478899,123.9890815
2025/11/12,Ophiophagus hannah,17.1510694,120.536337
2025/11/12,Naja samarensis,10.9260948,124.4343966
2025/11/12,Naja philippinensis,14.97381,120.1562867
2025/11/12,Naja philippinensis,17.6645292,121.7497865
2025/11/12,Naja philippinensis,17.6118858,121.7300377
2025/11/12,Naja samarensis,6.1437473,125.1791678
2025/11/11,Naja samarensis,7.27,124.86
2025/11/11,Naja philippinensis,15.4775949,120.4639721
2025/11/11,Naja philippinensis,14.3220274,120.8932408
2025/11/10,Naja philippinensis,15.8287193,120.8841277
2025/11/09,Naja samarensis,14.6378055,121.0401565
2025/11/10,Naja philippinensis,14.1698784,120.9218278
2025/11/09,Naja samarensis,10.2794927,125.1394863
2025/11/09,Naja philippinensis,15.916667,120.333333
2025/11/09,Naja philippinensis,16.0289195,120.2684844
2025/11/09,Naja philippinensis,12.9864855,123.9662627
2025/11/09,Naja samarensis,7.27,124.86
2025/11/08,Naja philippinensis,15.1954795,120.5310425
2025/11/08,Ophiophagus hannah,14.8314675,120.2835205
2025/11/08,Naja philippinensis,18.0555035,120.5645243
2025/11/08,Naja philippinensis,13.8454343,121.2063502
2025/11/07,Naja samarensis,7.0648306,125.6080623
2025/11/07,Naja samarensis,7.7031505,124.7264914
2025/11/07,Ophiophagus hannah,16.2842827,121.091306
2025/11/07,Naja philippinensis,13.7200752,123.1183603
2025/11/07,Naja samarensis,7.8692108,122.5607307
2025/11/13,Naja philippinensis,16.4908636,120.8298308
2025/11/13,Naja philippinensis,16.3890851,121.1006258
2025/11/13,Naja samarensis,7.1088356,124.2072945
2025/11/13,Naja philippinensis,17.0,122.0
2025/11/13,Naja samarensis,9.833333,124.1615579
2025/11/13,Ophiophagus hannah,16.5101981,120.8472457
2025/11/13,Naja samarensis,11.159448,124.9908138
2025/11/13,Naja samarensis,8.5475688,125.938471
2025/11/13,Naja philippinensis,16.394,120.3545
2025/11/13,Ophiophagus hannah,10.116537,123.5093986
2025/11/13,Ophiophagus hannah,16.3833294,120.5540514
2025/11/13,Ophiophagus hannah,12.6025798,123.9469573
2025/11/13,Ophiophagus hannah,14.9711513,120.6025878
2025/11/13,Naja samarensis,8.2130815,126.3156173
2025/11/13,Naja philippinensis,15.4937252,120.4964091
2025/11/13,Naja philippinensis,17.7944818,120.4549514
2025/11/13,Naja philippinensis,14.3861207,120.8802855
2025/11/13,Naja philippinensis,14.1584372,121.1364079
2025/11/13,Ophiophagus hannah,14.3547185,121.2292939
2025/11/13,Naja philippinensis,14.2649798,120.9221418
2025/11/13,Naja philippinensis,13.4075246,123.3730644
2025/11/13,Ophiophagus hannah,8.1550421,125.1305726
2025/11/13,Ophiophagus hannah,16.6162676,120.317104
2025/11/13,Ophiophagus hannah,7.3797893,124.5565375
2025/11/13,Naja philippinensis,15.9272139,120.8407438
2025/11/13,Ophiophagus hannah,8.7736019,117.8389787
2025/11/13,Naja philippinensis,13.846739,121.2035259
2025/11/13,Naja philippinensis,13.935839,121.1052772
2025/11/14,Ophiophagus hannah,14.905567,121.0422641
2025/11/13,Naja philippinensis,17.2,120.5
2025/11/14,Naja philippinensis,15.0923632,120.8272514
2025/10/14,Naja samarensis,8.1595353,123.8343225
2025/10/14,Naja philippinensis,14.8312558,121.0842872
2025/10/14,Naja philippinensis,16.87,121.22
2025/10/14,Naja philippinensis,15.503848,120.4861584
2025/10/14,Naja samarensis,8.5554374,123.5133326
2025/10/14,Naja samarensis,6.9521657,126.2166758
2025/10/14,Naja philippinensis,8.2357452,122.9985493
2025/10/14,Naja philippinensis,16.87,121.22
2025/10/14,Naja philippinensis,15.916667,120.333333
2025/10/14,Ophiophagus hannah,16.9314274,121.1378218
2025/10/15,Naja philippinensis,17.0,122.0
2025/10/15,Ophiophagus hannah,9.6057125,124.1623535
2025/10/15,Naja philippinensis,17.4980801,121.589133
2025/10/15,Naja samarensis,9.1682009,124.7137084
2025/10/15,Naja philippinensis,16.4907744,121.585819
2025/10/15,Naja samarensis,9.833333,124.1615579
2025/10/15,Naja samarensis,7.27,124.86
2025/10/15,Ophiophagus hannah,16.4119905,120.5933719
2025/10/15,Naja samarensis,6.7582702,125.3093494
2025/10/15,Naja philippinensis,6.722561,124.5205706
2025/10/15,Naja samarensis,7.2729404,125.8544591
2025/10/15,Ophiophagus hannah,16.4595908,120.5879964
2025/10/15,Naja samarensis,8.4800578,124.7259694
2025/10/15,Naja philippinensis,18.1990442,120.5845386
2025/10/15,Naja philippinensis,17.0,122.0
2025/10/15,Naja philippinensis,13.9345167,120.6321285
2025/10/15,Naja samarensis,7.0648306,125.6080623
2025/10/15,Naja philippinensis,13.5747649,123.2266393
2025/10/15,Naja philippinensis,14.3552045,120.8716063
2025/10/15,Naja philippinensis,13.9345167,120.6321285
2025/10/15,Naja philippinensis,13.1479697,123.7120775
2025/10/15,Naja philippinensis,8.911603,125.0245634
2025/10/15,Naja philippinensis,16.9902652,120.865329
2025/10/15,Naja philippinensis,15.0,121.083333
2025/10/15,Naja samarensis,9.833333,124.1615579
2025/10/15,Naja samarensis,9.833333,124.1615579
2025/10/13,Naja philippinensis,17.0,122.0
2025/10/15,Naja samarensis,10.3475099,125.1250896
2025/10/15,Naja samarensis,10.13729,124.37761
2025/10/15,Naja philippinensis,14.2453833,121.5070018
2025/10/15,Naja samarensis,8.4756417,124.6421532
2025/10/15,Naja samarensis,7.0897351,124.9022956
2025/10/15,Naja samarensis,8.1451708,123.8450443
2025/10/15,Naja philippinensis,15.9606628,121.0638705
2025/10/15,Naja philippinensis,14.3999901,121.469903
2025/10/15,Naja philippinensis,17.4152463,120.5954528
2025/10/15,Naja philippinensis,17.4687748,121.7525091
2025/10/15,Naja samarensis,7.8239526,126.0536908
2025/10/15,Naja philippinensis,18.4094347,121.5147489
2025/10/15,Naja philippinensis,14.285149,120.9895932
2025/10/15,Naja samarensis,9.7033042,123.8674352
2025/10/15,Ophiophagus hannah,10.8167199,122.4317369
2025/10/15,Naja philippinensis,15.9759995,120.5668992
2025/10/15,Ophiophagus hannah,15.3360344,120.589583
2025/10/15,Naja philippinensis,14.65,121.25
2025/10/15,Naja philippinensis,14.9320671,120.2005402
2025/10/15,Naja samarensis,7.6382215,124.7241605
2025/10/15,Ophiophagus hannah,16.4595908,120.5879964
2025/10/16,Naja samarensis,7.1905039,125.6488042
2025/10/16,Naja philippinensis,13.4222626,123.4129406
2025/10/16,Naja samarensis,8.9474561,125.5431973
2025/10/16,Naja philippinensis,14.166667,122.75
2025/10/16,Naja samarensis,8.0,122.666667
2025/10/16,Naja philippinensis,11.9996467,123.9978457
2025/10/16,Naja philippinensis,17.6118858,121.7300377
2025/10/16,Naja philippinensis,14.574509,121.3693524
2025/10/16,Naja philippinensis,14.4015442,120.9039022
2025/10/16,Naja philippinensis,14.2171239,121.0407164
2025/10/16,Naja samarensis,8.4226348,124.81425
2025/10/16,Naja philippinensis,15.0519635,120.6445398
2025/10/16,Naja philippinensis,13.5403467,123.5770625
2025/10/16,Naja philippinensis,16.0653569,120.0962429
2025/10/16,Naja philippinensis,13.076449,123.5162387
2025/10/16,Ophiophagus hannah,13.9357696,121.6128612
2025/10/16,Ophiophagus hannah,9.9515287,123.9618897
2025/10/16,Naja samarensis,12.2815317,124.3580417
2025/10/16,Ophiophagus hannah,6.20222,125.18722
2025/10/16,Naja philippinensis,15.2896,120.0245
2025/10/16,Naja philippinensis,14.4219445,120.9453846
2025/10/16,Naja philippinensis,14.1584372,121.1364079
2025/10/16,Ophiophagus hannah,13.7519112,122.9747458
2025/10/16,Ophiophagus hannah,8.1550421,125.1305726
2025/10/16,Naja philippinensis,15.0267346,120.6868358
2025/10/16,Naja philippinensis,6.5004041,124.8435437
2025/10/16,Naja philippinensis,13.2,121.2
2025/10/16,Ophiophagus hannah,7.29987,125.6807086
2025/10/16,Naja philippinensis,14.0700502,121.3255974
2025/10/16,Naja philippinensis,14.1696476,121.3336526
2025/10/10,Naja philippinensis,15.916667,120.333333
2025/10/10,Naja philippinensis,13.9242748,121.4234963
2025/10/10,Naja philippinensis,13.216667,123.55
2025/10/10,Naja samarensis,8.022778,124.998611
2025/10/10,Naja philippinensis,18.2508484,120.6128386
2025/10/11,Naja samarensis,9.833333,124.1615579
2025/10/11,Naja philippinensis,14.6056088,120.3974146
2025/10/12,Naja philippinensis,15.9372698,120.5632385
2025/10/12,Naja philippinensis,13.9686699,120.7290334
2025/10/12,Naja philippinensis,15.4937252,120.4964091
2025/10/13,Naja samarensis,10.7841157,124.892321
2025/10/13,Naja samarensis,7.0648306,125.6080623
2025/10/13,Naja philippinensis,14.9706036,121.0647854
2025/10/13,Naja philippinensis,13.6428216,123.3282338
2025/10/13,Naja philippinensis,17.5658109,120.3867218
2025/10/13,Naja philippinensis,14.3349294,120.8533218
2025/10/13,Naja philippinensis,15.9199144,120.4138181
2025/10/13,Naja philippinensis,14.3276464,121.4798659
2025/10/13,Naja samarensis,7.0648306,125.6080623
2025/10/13,Naja philippinensis,15.0519635,120.6445398
2025/10/13,Naja philippinensis,13.6303411,123.4965413
2025/10/13,Ophiophagus hannah,14.3639435,121.056771
2025/10/14,Naja samarensis,7.6679519,124.9953389
2025/10/14,Naja samarensis,6.7440957,125.3555319
2025/10/14,Naja philippinensis,15.583333,121.0
2025/10/14,Naja samarensis,6.0833644,125.1524037
2025/10/14,Naja philippinensis,15.0519635,120.6445398
2025/10/14,Naja philippinensis,15.3122806,120.9479433
2025/10/19,Naja philippinensis,13.9676187,121.5625343
2025/10/19,Naja philippinensis,15.916667,120.333333
2025/10/18,Naja samarensis,7.9043,123.3194
2025/10/18,Naja philippinensis,13.0287806,123.4434029
2025/10/18,Naja samarensis,8.2130815,126.3156173
2025/10/18,Naja philippinensis,15.916667,120.333333
2025/10/18,Naja philippinensis,14.4236141,121.0298739
2025/10/17,Ophiophagus hannah,16.0698586,119.9394828
2025/10/17,Naja philippinensis,15.1271784,120.5698872
2025/10/17,Naja philippinensis,13.9345167,120.6321285
2025/10/17,Naja philippinensis,9.7808779,118.730191
2025/10/18,Naja philippinensis,16.9051214,120.4613633
2025/10/17,Naja philippinensis,15.799713,121.5420953
2025/10/17,Naja samarensis,10.91667,124.66667
2025/10/17,Naja samarensis,6.7440957,125.3555319
2025/10/17,Ophiophagus hannah,14.6788757,121.1306052
2025/10/17,Naja philippinensis,18.2306726,120.6491506
2025/10/17,Naja philippinensis,16.88122,121.5878223
2025/10/17,Naja philippinensis,13.5385836,123.2851799
2025/10/16,Naja samarensis,8.0773336,125.2987545
2025/10/16,Naja samarensis,8.84,126.15
2025/10/16,Naja samarensis,11.7982219,125.1690418
2025/10/16,Naja philippinensis,14.4827786,121.1870714
2025/10/15,Naja philippinensis,15.583333,121.0
2025/10/15,Naja samarensis,7.91917,124.35639
2025/10/15,Naja philippinensis,14.166667,122.75
2025/10/15,Naja samarensis,7.8693759,123.422741
2025/10/15,Naja samarensis,7.0546491,125.5102936
2025/10/15,Naja philippinensis,15.4937252,120.4964091
2025/10/15,Ophiophagus hannah,10.8657111,123.4867509
2025/10/14,Naja samarensis,11.9968852,125.4485155
2025/10/14,Naja philippinensis,16.0427467,120.7946807
2025/10/18,Naja philippinensis,14.8012181,120.5362038
2025/10/18,Naja philippinensis,6.7084502,121.9707948
2025/10/20,Naja samarensis,7.4470784,125.8094853
2025/10/20,Naja philippinensis,14.2270483,121.3280871
2025/10/20,Ophiophagus hannah,9.5226684,123.4316872
2025/10/20,Naja samarensis,8.9982985,125.2381735
2025/10/20,Naja samarensis,11.1577552,125.5212969
2025/10/20,Naja philippinensis,13.8185254,121.1320975
2025/10/20,Naja philippinensis,15.0519635,120.6445398
2025/10/20,Naja samarensis,11.4513506,124.9408762
2025/10/20,Naja philippinensis,17.2,120.5
2025/10/20,Naja philippinensis,14.2571746,120.9246782
2025/10/20,Naja samarensis,7.0648306,125.6080623
2025/10/20,Naja samarensis,7.0809552,125.7331612
2025/10/20,Naja philippinensis,14.608817706352736,121.26694060734216
2025/10/21,Ophiophagus hannah,14.3547185,121.2292939
2025/10/20,Naja philippinensis,14.8654061,120.9572464
2025/10/20,Naja philippinensis,14.4700204,121.4230494
2025/10/21,Ophiophagus hannah,14.5008116,120.9915327
2025/10/21,Naja philippinensis,13.4342347,123.5171171
2025/10/21,Ophiophagus hannah,14.8312558,121.0842872
2025/10/21,Naja samarensis,11.6079854,125.4322433
2025/10/21,Naja samarensis,11.6079854,125.4322433
2025/10/21,Ophiophagus hannah,15.0519635,120.6445398
2025/10/21,Naja philippinensis,16.1726711,120.5096939
2025/10/21,Naja philippinensis,15.795312,121.4754572
2025/10/22,Ophiophagus hannah,17.0231211,121.8356
2025/10/22,Naja philippinensis,15.583333,121.0
2025/10/22,Naja philippinensis,6.6388664,125.3419089
2025/10/22,Naja samarensis,8.129548,123.4378612
2025/10/22,Naja philippinensis,14.3536306,121.3237656
2025/10/22,Naja philippinensis,14.8696175,120.9989376
2025/10/21,Naja philippinensis,18.0,121.833333
2025/10/22,Naja philippinensis,14.2571746,120.9246782
2025/10/22,Naja philippinensis,14.6979277,120.9464315
2025/10/22,Naja philippinensis,13.9686699,120.7290334
2025/10/22,Naja philippinensis,14.0660827,121.3221593
2025/10/26,Naja philippinensis,13.9146826,121.0867566
2025/10/25,Naja philippinensis,15.6321627,121.1459259
2025/10/25,Naja philippinensis,14.223624,120.9741497
2025/10/25,Naja samarensis,7.4470784,125.8094853
2025/10/25,Naja philippinensis,15.9843124,120.8131571
2025/10/25,Naja philippinensis,13.766636,122.9785788
2025/10/25,Naja samarensis,12.5455937,125.1149936
2025/10/25,Naja samarensis,11.8837245,124.0489113
2025/10/25,Naja samarensis,7.0648306,125.6080623
2025/10/25,Naja philippinensis,10.71565,122.2657
2025/10/25,Naja samarensis,8.022778,124.998611
2025/10/25,Naja philippinensis,15.4061584,120.5995041
2025/10/25,Naja philippinensis,14.8696175,120.9989376
2025/10/25,Naja samarensis,8.5329,123.3617
2025/10/25,Naja philippinensis,14.285149,120.9895932
2025/10/25,Naja philippinensis,14.166667,122.75
2025/10/25,Ophiophagus hannah,11.769388,121.9188237
2025/10/25,Naja samarensis,6.5004041,124.8435437
2025/10/23,Naja philippinensis,13.9381793,120.7294945
2025/10/23,Naja samarensis,6.7440957,125.3555319
2025/10/23,Naja philippinensis,6.705237,121.9804597
2025/10/23,Naja philippinensis,14.9711513,120.6025878
2025/10/23,Naja samarensis,6.2855239,124.9333096
2025/10/22,Naja philippinensis,14.3861207,120.8802855
2025/10/26,Naja philippinensis,18.166667,120.75
2025/10/25,Naja philippinensis,16.4119905,120.5933719
2025/10/25,Naja philippinensis,18.1973235,120.5935433
2025/10/24,Naja philippinensis,15.1504805,120.772694
2025/10/27,Ophiophagus hannah,7.883728,124.17801
2025/10/27,Naja philippinensis,14.1429313,121.1189156
2025/10/27,Naja philippinensis,17.4194242,120.4769173
2025/10/27,Naja philippinensis,14.315539,121.1110389
2025/10/27,Naja samarensis,9.7022868,125.5464831
2025/10/27,Naja philippinensis,10.6618434,122.3113272
2025/10/27,Naja samarensis,6.2855239,124.9333096
2025/10/27,Naja samarensis,6.83444,124.87694
2025/10/27,Naja samarensis,10.1577932,125.5851827
2025/10/27,Naja philippinensis,17.5755487,120.3872632
2025/10/27,Naja philippinensis,15.926773,120.3475584
2025/10/27,Naja philippinensis,15.3248528,120.6553857
2025/10/27,Naja philippinensis,13.293769,123.4843893
2025/10/28,Naja philippinensis,14.9979647,120.6514964
2025/11/12,Naja philippinensis,17.2,120.5
2025/11/12,Naja philippinensis,15.4905045,120.9684264
2025/11/12,Naja samarensis,7.0648306,125.6080623
2025/11/12,Naja philippinensis,15.4937252,120.4964091
2025/11/12,Naja samarensis,8.2357452,122.9985493
2025/11/12,Naja samarensis,7.9788768,124.3516506
2025/11/12,Naja philippinensis,15.4846019,120.9757798
2025/11/12,Naja philippinensis,14.8696175,120.9989376
2025/11/12,Naja philippinensis,15.23,120.12
2025/11/12,Naja philippinensis,15.3248528,120.6553857
2025/11/11,Naja samarensis,7.4470784,125.8094853
2025/11/10,Naja samarensis,8.5588112,123.3366045
2025/11/10,Naja samarensis,10.2972082,123.8890292
2025/11/09,Naja philippinensis,17.0,122.0
2025/11/09,Naja philippinensis,14.2795538,121.1235712
2025/11/09,Naja philippinensis,16.6744,121.4658
2025/11/09,Naja samarensis,7.0648306,125.6080623
2025/11/09,Naja philippinensis,13.833333,124.25
2025/11/09,Naja philippinensis,16.9444751,120.7546256
2025/11/09,Naja samarensis,6.7440957,125.3555319
2025/11/09,Naja philippinensis,16.9835964,122.0127684
2025/11/09,Ophiophagus hannah,17.4264795,121.764914
2025/11/09,Naja philippinensis,15.7547305,121.0376878
2025/11/09,Naja philippinensis,15.916667,120.333333
2025/11/08,Naja philippinensis,15.048703,120.6995236
2025/11/08,Naja samarensis,8.0692761,123.536314
2025/11/08,Naja philippinensis,14.7296995,121.0607817
2025/11/08,Naja philippinensis,12.833333,123.916667
2025/11/08,Naja samarensis,9.5360728,125.5627756
2025/11/08,Naja philippinensis,16.0840719,120.0270259
2025/11/07,Naja philippinensis,16.35,121.13
2025/11/07,Naja philippinensis,14.9183583,120.7670558
2025/11/07,Naja philippinensis,14.9183583,120.7670558
2025/11/07,Naja samarensis,8.2281556,124.2411508
2025/11/07,Naja philippinensis,13.9146826,121.0867566
2025/11/13,Naja samarensis,9.5730277,125.7326841
2025/11/13,Naja samarensis,9.833333,124.1615579
2025/11/13,Naja samarensis,8.6198081,123.7113727
2025/11/13,Naja philippinensis,14.4849786,121.2310927
2025/11/13,Naja samarensis,8.0047262,124.2854351
2025/11/13,Naja philippinensis,14.6596224,121.0678134
2025/11/13,Naja philippinensis,15.916667,120.333333
2025/11/13,Naja philippinensis,13.8239861,121.3932018
2025/11/13,Naja philippinensis,14.166667,122.75
2025/11/13,Naja philippinensis,15.583333,121.0
2025/11/13,Naja philippinensis,14.5137501,121.2379201
2025/11/13,Ophiophagus hannah,18.166667,120.75
2025/11/13,Naja samarensis,7.5382999,125.753854
2025/11/13,Naja philippinensis,15.0923632,120.8272514
2025/11/13,Ophiophagus hannah,14.3547185,121.2292939
2025/11/13,Naja philippinensis,14.3861207,120.8802855
2025/11/13,Naja samarensis,18.1888705,120.547657
2025/11/13,Naja philippinensis,14.9497647,120.5501685
2025/11/13,Naja samarensis,9.7905028,125.4935697
2025/11/13,Naja philippinensis,13.1815738,123.6552668
2025/11/13,Naja samarensis,7.0648306,125.6080623
2025/11/13,Naja philippinensis,15.4937252,120.4964091
2025/11/13,Naja philippinensis,14.2755425,120.7371328
2025/11/13,Ophiophagus hannah,10.6615215,122.3228567
2025/11/13,Naja philippinensis,16.35,121.13
2025/11/13,Naja philippinensis,16.283333,121.583333
2025/11/13,Naja philippinensis,16.35,121.13
2025/11/13,Naja philippinensis,15.7789955,121.4820835
2025/11/13,Naja philippinensis,15.1271784,120.5698872
2025/11/13,Naja philippinensis,13.1388505,123.7345746
2025/11/13,Naja samarensis,6.9595701,125.0891183
2025/11/13,Naja samarensis,7.0648306,125.6080623
2025/11/13,Ophiophagus hannah,16.1726711,120.5096939
2025/11/13,Naja samarensis,11.2274825,125.0274722
2025/11/13,Naja samarensis,9.18,123.58
2025/11/13,Naja samarensis,7.7477661,125.7278467
2025/11/13,Naja philippinensis,18.3797979,121.5760538
2025/11/13,Naja philippinensis,18.2551106,121.0434944
2025/11/13,Naja philippinensis,13.833333,124.25
2025/11/13,Naja philippinensis,14.8696175,120.9989376
2025/11/13,Naja philippinensis,13.58643,123.2650725
2025/11/13,Naja philippinensis,17.7961291,121.3225138
2025/11/13,Ophiophagus hannah,6.6535259,126.0720099
2025/11/13,Naja philippinensis,15.0519635,120.6445398
2025/11/13,Naja philippinensis,15.8890372,120.2384199
2025/11/13,Naja philippinensis,16.0089487,120.3571939
2025/11/13,Naja samarensis,8.2281556,124.2411508
2025/11/13,Naja samarensis,7.0648306,125.6080623
2025/11/13,Naja philippinensis,15.6686544,120.5858177
2025/11/13,Naja samarensis,8.0650994,122.5249426
2025/11/13,Naja samarensis,8.4593516,124.8237221
2025/11/13,Naja philippinensis,13.8339494,124.3999777
2025/11/12,Naja samarensis,11.0052935,124.6090753
2025/11/11,Naja philippinensis,14.2923273,120.8290803
2025/11/09,Ophiophagus hannah,14.1957895,120.8784676
2025/11/13,Naja philippinensis,15.492429,120.5898502
2025/11/13,Naja philippinensis,13.2988701,123.4360839
2025/11/13,Naja philippinensis,16.70536,121.6749455
2025/11/13,Naja philippinensis,15.6271348,119.9301322
2025/11/14,Naja samarensis,7.78444,122.58611
2025/11/13,Naja samarensis,7.0648306,125.6080623
2025/11/13,Naja philippinensis,15.0643509,120.720544
2025/11/13,Naja philippinensis,12.166667,123.583333
2025/11/13,Naja samarensis,6.7931596,125.203202
2025/11/13,Naja samarensis,7.026937,125.4092332
2025/11/14,Naja samarensis,12.1490458,124.5375762
2025/11/13,Naja samarensis,8.0,122.666667
2025/11/14,Naja samarensis,9.833333,124.1615579
2025/11/14,Naja philippinensis,16.0653569,120.0962429
2025/11/14,Naja philippinensis,13.846739,121.2035259
2026/01/15,Naja philippinensis,11.032439,122.481554
2026/01/15,Naja philippinensis,13.4545261,120.673642
2026/01/15,Ophiophagus hannah,16.3890851,121.1006258
2026/01/15,Naja samarensis,7.9579723,123.9021124
2026/01/15,Naja philippinensis,14.4827786,121.1870714
2026/01/15,Naja samarensis,7.7096892,122.8671803
2026/01/14,Naja philippinensis,13.6428216,123.3282338
2026/01/14,Naja philippinensis,15.7336884,120.5726987
2026/01/14,Naja samarensis,7.9043,123.3194
2026/01/14,Naja samarensis,9.18,123.58
2026/01/14,Naja philippinensis,15.5032754,120.8455577
2026/01/14,Naja samarensis,7.0312388,125.4788156
2026/01/14,Ophiophagus hannah,14.2171239,121.0407164
2026/01/13,Naja samarensis,6.6336717,124.0657013
2026/01/13,Ophiophagus hannah,6.9965723,125.4818612
2026/01/13,Naja philippinensis,14.236355,121.1200317
2026/01/13,Ophiophagus hannah,16.4748754,120.6327365
2026/01/13,Naja philippinensis,15.5705622,121.1525075
2026/01/13,Naja philippinensis,8.505,125.9771
2026/01/13,Naja philippinensis,17.0902565,120.9776301
2026/01/13,Naja philippinensis,8.4622861,125.2209151
2026/01/13,Naja philippinensis,15.4905045,120.9684264
2026/01/13,Naja samarensis,8.92,125.46
2026/01/13,Naja philippinensis,17.1357747,121.7366679
2026/01/12,Ophiophagus hannah,10.5759187,123.7301905
2026/01/12,Naja samarensis,7.1082139,124.8233384
2026/01/12,Naja philippinensis,15.7626076,119.910005
2026/01/12,Naja samarensis,10.7841157,124.892321
2026/01/12,Ophiophagus hannah,16.3728384,120.6316295
2026/01/11,Naja philippinensis,15.8073911,121.1442251
2026/01/11,Naja philippinensis,15.8073911,121.1442251
2026/01/11,Naja philippinensis,16.5661,121.1593
2026/01/11,Naja philippinensis,12.833333,123.916667
2026/01/11,Naja philippinensis,16.35,121.13
2026/01/10,Naja philippinensis,13.5581721,123.3729397
2026/01/16,Naja philippinensis,16.9956909,120.8217222
2026/01/16,Naja philippinensis,15.926773,120.3475584
2026/01/16,Naja philippinensis,17.1284113,121.8692206
2026/01/16,Naja samarensis,6.709707,125.2170514
2026/01/16,Naja philippinensis,15.2733238,120.5672692
2026/01/16,Naja philippinensis,13.2988701,123.4360839
2026/01/16,Naja philippinensis,14.4811791,121.3075948
2026/01/16,Naja philippinensis,17.6722627,121.8966521
2026/01/16,Naja philippinensis,14.1429313,121.1189156
2026/01/16,Ophiophagus hannah,9.7154,123.4317
2026/01/16,Ophiophagus hannah,10.7889049,122.017534
2026/01/16,Naja philippinensis,14.5434,121.1446
2026/01/16,Naja philippinensis,18.166667,120.75
2026/01/16,Naja philippinensis,15.0519635,120.6445398
2026/01/16,Naja philippinensis,13.5385836,123.2851799
2026/01/16,Ophiophagus hannah,10.2699726,123.5840189
2026/01/16,Naja philippinensis,13.6303411,123.4965413
2026/01/17,Naja samarensis,6.5556705,124.3271496
2026/01/17,Naja samarensis,10.3475099,125.1250896
2026/01/17,Ophiophagus hannah,14.1332036,121.4153448
2026/01/17,Naja philippinensis,16.3946672,120.354351
2026/01/17,Naja samarensis,8.8685656,125.43053
2026/01/17,Naja philippinensis,16.9908811,121.6358
2026/01/17,Naja philippinensis,13.6428216,123.3282338
2026/01/17,Ophiophagus hannah,10.7285353,123.8254215
2026/01/17,Naja philippinensis,16.0269118,120.4537476
2026/01/17,Naja samarensis,11.2436208,125.0079543
2026/01/17,Naja philippinensis,7.166667,126.333333
2026/01/17,Naja samarensis,8.6534807,124.8235205
2026/01/17,Naja samarensis,8.5596597,124.5270577
2026/01/17,Naja philippinensis,14.5625242,120.5949559
2026/01/17,Naja samarensis,9.6766,123.8805
2026/01/17,Naja philippinensis,15.7917408,120.989145
2026/01/17,Naja samarensis,16.399407,120.615699
2026/01/17,Naja samarensis,11.0065106,124.6109615
2026/01/17,Naja philippinensis,13.9676187,121.5625343
2026/01/17,Ophiophagus hannah,9.8813917,123.6085598
2026/01/17,Naja samarensis,6.1122217,125.1721893
2026/01/17,Naja samarensis,7.5068011,122.9406969
2026/01/17,Naja samarensis,7.3886095,125.3454047
2026/01/17,Naja philippinensis,15.5667997,121.2050333
2026/01/17,Naja samarensis,9.6402611,123.8559809
2026/01/17,Naja philippinensis,15.7575505,121.0106038
2026/01/17,Naja philippinensis,15.23,120.12
2026/01/17,Naja philippinensis,17.2362842,120.4797383
2026/01/17,Naja samarensis,11.3249,124.737
2026/01/17,Ophiophagus hannah,11.1705066,122.083333
2026/01/17,Naja samarensis,9.9445582,125.2483289
2026/01/17,Naja samarensis,7.6179228,125.6832687
2026/01/17,Naja philippinensis,13.9147499,120.6235127
2026/01/17,Naja philippinensis,16.1553857,119.9792201
2026/01/17,Naja samarensis,8.3978016,123.5686424
2026/01/17,Naja samarensis,11.0052935,124.6090753
2026/01/17,Naja samarensis,8.5864062,123.3449371
2026/01/17,Ophiophagus hannah,10.1941944,125.5316075
2026/01/17,Naja philippinensis,11.2066762,124.8466247
2026/01/17,Naja philippinensis,14.5119565,121.2405843
2026/01/17,Ophiophagus hannah,10.4141258,123.8722133
2026/01/17,Naja philippinensis,14.6436031,120.4657622
2026/01/17,Naja philippinensis,15.0519635,120.6445398
2026/01/17,Naja philippinensis,15.4905045,120.9684264
2026/01/17,Ophiophagus hannah,9.833333,124.1615579
2026/01/17,Naja philippinensis,13.6240122,123.1850318
2026/01/17,Naja philippinensis,14.236355,121.1200317
2026/01/17,Ophiophagus hannah,6.6336717,124.0657013
2026/01/17,Naja philippinensis,14.7345008,120.9571635
2026/01/17,Naja philippinensis,13.8825115,122.2611114
2026/01/17,Naja philippinensis,14.574509,121.3693524
2026/01/17,Naja samarensis,7.0648306,125.6080623
2026/01/17,Naja philippinensis,15.9809907,120.7004137
2026/01/17,Naja philippinensis,16.88122,121.5878223
2026/01/17,Naja samarensis,15.9999235,120.4051274
2026/01/17,Ophiophagus hannah,18.5367387,120.7657563
2026/01/17,Naja philippinensis,15.048703,120.6995236
2026/01/17,Naja samarensis,11.0052935,124.6090753
2026/01/17,Naja samarensis,9.833333,124.1615579
2026/01/17,Naja philippinensis,14.8187993,120.9607117
2026/01/17,Naja philippinensis,14.1696476,121.3336526
2026/01/17,Naja philippinensis,14.6436031,120.4657622
2026/01/17,Naja philippinensis,14.8696175,120.9989376
2026/01/17,Ophiophagus hannah,10.6744469,122.3761115
2026/01/16,Ophiophagus hannah,16.1898167,121.2968449
2026/01/16,Naja philippinensis,11.9996467,123.9978457
2026/01/17,Ophiophagus hannah,14.0992606,120.9391818
2026/01/17,Ophiophagus hannah,14.677732,121.156323
2026/01/17,Naja philippinensis,14.4827786,121.1870714
2026/01/17,Naja philippinensis,14.9278637,121.0262475
2026/01/17,Naja philippinensis,13.4152211,123.4450172
2026/01/17,Naja philippinensis,14.0788,120.6527
2026/01/17,Naja philippinensis,17.3311208,120.4445227
2026/01/17,Naja samarensis,6.1122217,125.1721893
2026/01/17,Naja philippinensis,13.9289015,121.4246794
2026/01/17,Ophiophagus hannah,15.701111,121.59
2026/01/17,Naja philippinensis,8.2281556,124.2411508
2026/01/17,Naja samarensis,11.0065106,124.6109615
2026/01/17,Naja philippinensis,14.195716,120.8784974
2026/01/17,Ophiophagus hannah,8.7145642,125.7481892
2026/01/17,Naja philippinensis,18.1973235,120.5935433
2026/01/17,Naja philippinensis,7.0648306,125.6080623
2026/01/17,Naja philippinensis,13.1815738,123.6552668
2026/01/17,Ophiophagus hannah,18.1455661,120.6224967
2026/01/17,Ophiophagus hannah,8.022778,124.998611
2026/01/17,Naja philippinensis,14.3861207,120.8802855
2026/01/17,Naja philippinensis,15.4411139,120.7288994
2026/01/17,Naja philippinensis,17.6722627,121.8966521
2026/01/17,Naja philippinensis,14.9746,120.2118
2026/01/17,Naja philippinensis,15.778507,120.6641376
2026/01/17,Naja philippinensis,6.7983,124.6326
2026/01/17,Naja philippinensis,12.833333,123.916667
2026/01/17,Naja samarensis,10.3475099,125.1250896
2026/01/17,Naja philippinensis,15.916667,120.333333
2026/01/17,Naja philippinensis,16.9258489,121.4862314
2026/01/17,Naja philippinensis,14.3497212,120.8047028
2026/01/17,Naja philippinensis,13.5102072,123.0411504
2026/01/17,Naja philippinensis,8.4975425,124.3056107
2026/01/17,Naja philippinensis,15.5408666,121.0842988
2026/01/17,Naja philippinensis,16.4901938,121.2640347
2026/01/17,Ophiophagus hannah,17.6722627,121.8966521
2026/01/17,Naja philippinensis,13.9572058,122.287787
2026/01/17,Ophiophagus hannah,10.3475099,125.1250896
2026/01/17,Naja philippinensis,16.6361945,120.8236812
2026/01/17,Ophiophagus hannah,10.3230498,123.0187418
2026/01/17,Ophiophagus hannah,17.7961291,121.3225138
2026/01/17,Naja philippinensis,17.2740459,121.809876
2026/01/17,Naja philippinensis,15.6030982,121.0508107
2026/01/17,Naja philippinensis,16.35,121.13
2026/01/17,Naja philippinensis,15.048703,120.6995236
2026/01/17,Ophiophagus hannah,8.0,122.666667
2026/01/17,Naja philippinensis,14.8774796,120.2344695
2026/01/17,Naja philippinensis,16.8569,120.7938
2026/01/17,Naja philippinensis,15.2889971,120.0247358
2026/01/16,Naja philippinensis,14.62157,120.5772317
2026/01/17,Ophiophagus hannah,16.4634,120.622
2026/01/17,Ophiophagus hannah,16.4021725,120.5639989
2026/01/17,Ophiophagus hannah,10.7889049,122.017534
2026/01/17,Ophiophagus hannah,16.465246,120.6319856
2026/01/17,Naja samarensis,7.5964821,124.0734413
2026/01/17,Ophiophagus hannah,15.5408666,121.0842988
2026/01/17,Naja philippinensis,17.6722627,121.8966521
2025/12/29,Naja philippinensis,14.4753546,120.5194083
2026/01/12,Ophiophagus hannah,11.5375818,122.4871569
2025/12/29,Naja philippinensis,14.4753546,120.5194083
2026/01/19,Naja philippinensis,13.293769,123.4843893
2026/01/19,Naja samarensis,7.0648306,125.6080623
2026/01/15,Naja philippinensis,14.2270483,121.3280871
2026/01/15,Naja philippinensis,14.2453833,121.5070018
2026/01/15,Naja philippinensis,15.3615517,120.5912244
2026/01/15,Naja philippinensis,13.6240122,123.1850318
2026/01/15,Naja philippinensis,15.6603499,120.7669137
2026/01/15,Naja philippinensis,12.833333,123.916667
2026/01/15,Naja philippinensis,12.6689078,123.8769586
2026/01/15,Ophiophagus hannah,14.1795327,120.8818696
2026/01/15,Naja philippinensis,14.2181843,121.1852835
2026/01/14,Naja philippinensis,14.3361197,120.8817292
2026/01/14,Naja samarensis,7.0648306,125.6080623
2026/01/14,Naja philippinensis,14.0263,121.5918
2026/01/14,Naja samarensis,7.0807144,125.5827159
2026/01/14,Naja philippinensis,15.8169,120.9586
2026/01/14,Naja samarensis,7.166667,126.333333
2026/01/14,Naja philippinensis,16.3914127,119.8942613
2026/01/14,Naja philippinensis,15.5408666,121.0842988
2026/01/13,Naja samarensis,6.8695,124.2532
2026/01/13,Naja philippinensis,14.18014,121.33335
2026/01/13,Naja philippinensis,10.47,123.83
2026/01/13,Naja philippinensis,16.4829252,121.1505219
2026/01/12,Naja samarensis,6.7440957,125.3555319
2026/01/12,Naja philippinensis,14.6436031,120.4657622
2026/01/11,Ophiophagus hannah,10.3773,123.6386
2026/01/11,Naja philippinensis,14.3317909,120.7705147
2026/01/11,Ophiophagus hannah,13.6428216,123.3282338
2026/01/11,Naja philippinensis,13.5385836,123.2851799
2026/01/10,Naja philippinensis,6.5392091,124.9631259
2026/01/10,Naja samarensis,10.9574708,125.0313931
2026/01/10,Naja philippinensis,18.166667,120.75
2026/01/10,Naja philippinensis,16.1553857,119.9792201
2026/01/16,Naja philippinensis,14.8312558,121.0842872
2026/01/16,Naja philippinensis,16.4868158,121.1586081
2026/01/16,Naja philippinensis,15.7575505,121.0106038
2026/01/16,Naja samarensis,9.7905028,125.4935697
2026/01/16,Naja samarensis,7.3556822,125.7044546
2026/01/16,Naja philippinensis,15.4552348,121.3418327
2026/01/16,Naja samarensis,7.7610686,125.005158
2026/01/16,Naja philippinensis,18.6051605,121.080641
2026/01/16,Naja philippinensis,14.332684,120.9092322
2026/01/16,Naja philippinensis,15.3264614,119.9801043
2026/01/16,Naja philippinensis,10.0563138,125.1580978
2026/01/16,Naja philippinensis,15.0781219,120.9398068
2026/01/16,Naja samarensis,7.1650636,125.5767555
2026/01/16,Naja samarensis,7.3979976,125.7710585
2026/01/16,Naja philippinensis,14.9488214,120.0889405
2026/01/16,Ophiophagus hannah,7.3176458,126.1226535
2026/01/16,Naja philippinensis,15.5408666,121.0842988
2026/01/16,Naja samarensis,7.1891773,125.4267141
2026/01/16,Naja philippinensis,18.0,121.833333
2026/01/16,Naja philippinensis,15.4846019,120.9757798
2026/01/16,Naja samarensis,7.5093206,124.127834
2026/01/16,Naja samarensis,10.1953,125.5325
2026/01/16,Naja philippinensis,15.6236937,120.6469386
2026/01/16,Naja philippinensis,18.4434854,121.4572732
2026/01/16,Naja philippinensis,14.0660827,121.3221593
2026/01/16,Naja philippinensis,17.2740459,121.809876
2026/01/16,Naja philippinensis,15.8287193,120.8841277
2026/01/16,Naja philippinensis,16.5735957,120.4089899
2026/01/16,Naja samarensis,8.7145642,125.7481892
2026/01/16,Naja philippinensis,14.3536306,121.3237656
2026/01/16,Naja philippinensis,14.3195033,120.9853985
2026/01/16,Naja samarensis,9.0799833,126.1974606
2026/01/16,Naja samarensis,6.1122217,125.1721893
2026/01/16,Ophiophagus hannah,7.9171095,125.3286922
2026/01/16,Naja samarensis,6.2855239,124.9333096
2026/01/16,Naja samarensis,9.0799833,126.1974606
2026/01/16,Naja philippinensis,13.6428216,123.3282338
2026/01/16,Naja philippinensis,12.833333,123.916667
2026/01/16,Naja philippinensis,14.4311318,120.9680621
2026/01/17,Ophiophagus hannah,13.688262,122.1711441
2026/01/17,Naja philippinensis,15.916667,120.333333
2026/01/17,Naja samarensis,6.9613,125.0858
2026/01/17,Naja philippinensis,6.5392091,124.9631259
2026/01/17,Naja philippinensis,17.4687748,121.7525091
2019/01/17,Naja philippinensis,14.751122,121.152302
2026/01/17,Naja samarensis,8.610907554626465,123.53791809082033
2026/01/17,Naja philippinensis,15.0393,120.6995
2026/01/17,Naja samarensis,9.7619221,124.4879217
2026/01/17,Naja philippinensis,18.2306726,120.6491506
2026/01/17,Naja philippinensis,15.9821364,120.7625583
2026/01/17,Naja philippinensis,15.7917408,120.989145
2026/01/17,Naja philippinensis,15.492429,120.5898502
2026/01/17,Naja samarensis,10.7841157,124.892321
2026/01/17,Naja samarensis,8.5859975,123.3444204
2026/01/17,Naja samarensis,9.651202,124.3700194
2026/01/17,Ophiophagus hannah,16.8209,120.7789
2026/01/17,Naja philippinensis,15.5570185,120.4624186
2026/01/17,Naja philippinensis,14.4215284,121.444412
2026/01/17,Naja samarensis,7.0648306,125.6080623
2026/01/17,Naja samarensis,8.36,125.71
2026/01/17,Naja philippinensis,15.778507,120.6641376
2026/01/17,Ophiophagus hannah,14.0935038,121.113431
2026/01/17,Naja philippinensis,17.0,122.0
2026/01/17,Naja samarensis,14.5871972,121.1759246
2026/01/17,Naja philippinensis,15.2274691,120.5507415
2026/01/17,Naja philippinensis,18.1973235,120.5935433
2026/01/17,Ophiophagus hannah,13.9146826,121.0867566
2026/01/17,Naja samarensis,9.6994059,125.5038165
2026/01/17,Naja philippinensis,14.0719376,120.8354161
2026/01/17,Naja philippinensis,17.6118858,121.7300377
2026/01/17,Naja philippinensis,14.0736258,120.6320724
2026/01/17,Naja philippinensis,16.069384,120.7619537
2026/01/17,Naja samarensis,11.2274825,125.0274722
2026/01/17,Naja philippinensis,14.3317909,120.7705147
2026/01/17,Naja philippinensis,14.8563067,120.8609065
2026/01/17,Naja philippinensis,14.4647563,121.1923358
2026/01/17,Ophiophagus hannah,15.2733238,120.5672692
2026/01/17,Naja samarensis,10.6778023,124.7977531
2026/01/17,Naja philippinensis,15.7917408,120.989145
2026/01/17,Naja philippinensis,15.0563839,120.7135289
2026/01/17,Naja samarensis,7.29987,125.6807086
2026/01/17,Naja philippinensis,15.3248528,120.6553857
2026/01/17,Naja philippinensis,15.8531127,120.4031042
2026/01/17,Naja samarensis,7.1894644,124.5328759
2026/01/17,Naja philippinensis,16.35,121.13
2026/01/17,Naja philippinensis,17.0846929,120.4547867
2026/01/17,Naja philippinensis,15.9385232,120.5819024
2026/01/17,Naja samarensis,6.941706,122.1334548
2026/01/17,Naja philippinensis,15.4937252,120.4964091
2026/01/17,Naja philippinensis,14.8563067,120.8609065
2026/01/17,Naja samarensis,7.0529033,121.9095685
2026/01/17,Naja philippinensis,13.6303411,123.4965413
2026/01/17,Naja philippinensis,15.926773,120.3475584
2026/01/17,Naja philippinensis,13.9298717,121.6123504
2026/01/17,Naja philippinensis,13.3755,123.6782
2026/01/17,Naja philippinensis,13.9357696,121.6128612
2026/01/17,Naja philippinensis,14.3497212,120.8047028
2026/01/17,Naja philippinensis,13.0000021,120.9166666
2026/01/17,Naja philippinensis,15.4905045,120.9684264
2026/01/17,Naja philippinensis,16.7789338,121.6992173
2026/01/17,Naja philippinensis,17.1929894,120.4483993
2026/01/17,Naja philippinensis,14.4647563,121.1923358
2026/01/17,Ophiophagus hannah,10.5451472,123.9176946
2026/01/17,Naja philippinensis,14.400675,120.8572845
2026/01/17,Naja philippinensis,13.216667,123.55
2026/01/17,Naja samarensis,16.9908811,121.6358
2026/01/17,Naja philippinensis,13.2045163,123.7414335
2026/01/17,Naja philippinensis,14.2347317,121.3640614
2026/01/17,Naja philippinensis,14.2554073,120.8671503
2026/01/17,Naja philippinensis,18.3325908,120.6194548
2026/01/17,Naja samarensis,6.1238298,124.3148074
2026/01/17,Naja samarensis,6.073202,125.140185
2026/01/17,Naja philippinensis,15.5408666,121.0842988
2026/01/17,Ophiophagus hannah,17.6289306,121.7598009
2026/01/17,Ophiophagus hannah,17.6289306,121.7598009
2026/01/17,Naja philippinensis,14.285149,120.9895932
2026/01/17,Naja samarensis,7.9983082,125.0228905
2026/01/17,Ophiophagus hannah,16.36389,120.67694
2026/01/17,Naja philippinensis,15.916667,120.333333
2026/01/17,Naja philippinensis,14.1584372,121.1364079
2026/01/17,Naja philippinensis,17.4194242,120.4769173
2026/01/17,Naja philippinensis,14.1543524,122.8285243
2026/01/17,Naja samarensis,8.0489234,123.5859237
2026/01/17,Naja philippinensis,13.6428216,123.3282338
2026/01/17,Naja philippinensis,18.166667,120.75
2026/01/17,Naja philippinensis,18.1568444,120.6443463
2026/01/17,Naja samarensis,7.8375661,126.0619738
2026/01/17,Naja philippinensis,14.13454,121.4348094
2026/01/17,Naja philippinensis,14.6436031,120.4657622
2026/01/17,Naja philippinensis,13.6428216,123.3282338
2026/01/17,Naja philippinensis,15.8770143,120.8995214
2026/01/17,Ophiophagus hannah,17.11,121.16
2026/01/17,Naja philippinensis,17.3698618,120.4808168
2026/01/17,Naja philippinensis,15.9753,120.567
2026/01/17,Naja philippinensis,16.9573183,121.6753429
2026/01/17,Ophiophagus hannah,17.7341301,121.4555256
2026/01/17,Naja samarensis,9.2617815,125.9637534
2026/01/17,Naja philippinensis,15.0519635,120.6445398
2026/01/17,Naja philippinensis,14.4827786,121.1870714
2026/01/17,Naja philippinensis,17.0678152,121.6936012
2026/01/17,Naja philippinensis,14.9745982,120.5277236
2026/01/17,Naja philippinensis,14.0674602,121.3241112
2026/01/17,Naja philippinensis,15.7626076,119.910005
2026/01/17,Naja philippinensis,15.4937252,120.4964091
2026/01/17,Naja philippinensis,13.6428216,123.3282338
2026/01/17,Naja samarensis,6.9595701,125.0891183
2026/01/17,Ophiophagus hannah,14.9024228,120.8675998
2026/01/17,Naja philippinensis,13.9358204,120.8123818
2026/01/17,Naja philippinensis,16.7789338,121.6992173
2026/01/17,Naja philippinensis,15.6069315,120.5985733
2026/01/17,Naja philippinensis,15.4475833,120.7935538
2026/01/17,Naja samarensis,8.0,122.666667
2026/01/17,Naja philippinensis,13.8649051,121.0059795
2026/01/16,Naja philippinensis,13.0739956,120.7217953
2026/01/17,Naja samarensis,7.8587852,125.0483983
2026/01/17,Naja philippinensis,13.9989442,121.9208446
2026/01/17,Naja philippinensis,14.17909,121.2217911
2026/01/17,Naja philippinensis,15.3501261,121.0498041
2026/01/17,Naja samarensis,8.9840257,124.7911165
2026/01/17,Naja philippinensis,14.4868625,121.1966152
2026/01/17,Naja philippinensis,16.7302996,121.5405622
2026/01/17,Naja philippinensis,13.9242748,121.4234963
2026/01/17,Naja philippinensis,14.3610672,120.8808414
2026/01/17,Naja philippinensis,15.7286873,120.6266345
2026/01/17,Naja philippinensis,17.2,120.5
2026/01/17,Naja philippinensis,14.3497212,120.8047028
2026/01/17,Naja philippinensis,13.1815738,123.6552668
2026/01/17,Naja philippinensis,16.1612859,120.5201796
2026/01/17,Naja philippinensis,13.076449,123.5162387
2026/01/17,Naja philippinensis,13.4569196,123.6796912
2026/01/17,Naja philippinensis,14.2861696,120.716004
2026/01/17,Naja philippinensis,15.926773,120.3475584
2026/01/17,Naja philippinensis,13.5385836,123.2851799
2026/01/17,Ophiophagus hannah,8.022778,124.998611
2026/01/17,Ophiophagus hannah,13.9572058,122.287787
2026/01/17,Naja samarensis,7.4468,125.8095
2026/01/17,Naja philippinensis,15.583333,121.0
2026/01/17,Naja philippinensis,14.0263471,121.5918364
2026/01/17,Naja philippinensis,15.1702097,120.6104261
2026/01/17,Naja philippinensis,17.0,122.0
2026/01/17,Naja philippinensis,14.6689199,120.5367736
2026/01/17,Naja samarensis,8.4756417,124.6421532
2026/01/17,Naja samarensis,7.8501224,123.5796746
2026/01/17,Naja philippinensis,13.216667,123.55
2026/01/17,Naja samarensis,18.1888705,120.547657
2026/01/17,Naja philippinensis,15.6686544,120.5858177
2026/01/17,Naja samarensis,11.73,125.37
2026/01/17,Naja samarensis,8.333333,123.7
2026/01/17,Ophiophagus hannah,15.0519635,120.6445398
2026/01/17,Naja philippinensis,6.7084502,121.9707948
2026/01/17,Naja philippinensis,15.23,120.12
2026/01/17,Naja samarensis,11.833333,125.0
2026/01/17,Naja philippinensis,13.846739,121.2035259
2026/01/17,Naja philippinensis,16.6257721,120.7677899
2026/01/17,Naja samarensis,6.1027828,125.2920305
2026/01/17,Ophiophagus hannah,13.6428216,123.3282338
2026/01/20,Naja samarensis,11.0433,124.5912
2026/01/19,Naja philippinensis,17.7341301,121.4555256
2026/01/19,Naja philippinensis,15.1403706,120.9773599
2026/01/19,Naja philippinensis,14.7801149,120.4934107
2026/01/19,Ophiophagus hannah,10.7841157,124.892321
2026/01/19,Naja philippinensis,13.935,121.6124
2026/01/19,Naja philippinensis,14.8034191,121.0317113
2026/01/18,Naja samarensis,8.8232748,125.1012978
2026/01/18,Naja philippinensis,16.3914127,119.8942613
2026/01/18,Naja samarensis,8.9461563,125.5494379
2026/01/18,Ophiophagus hannah,17.2004031,121.6877407
2026/01/18,Naja samarensis,18.1888705,120.547657
2026/01/17,Naja samarensis,7.2729404,125.8544591
2026/01/17,Naja philippinensis,15.7135413,120.9039451
2026/01/17,Naja philippinensis,16.5163031,121.1854897
2026/01/16,Naja samarensis,7.27,124.86
2026/01/16,Naja samarensis,7.0648306,125.6080623
2026/01/20,Naja philippinensis,15.23,120.12
2026/01/20,Naja philippinensis,15.8006,121.4891
2026/01/19,Naja philippinensis,14.62157,120.5772317
2026/01/19,Ophiophagus hannah,10.4797929,122.0048223
